{"assets/.DS_Store":["assets/.DS_Store"],"assets/01-01.png":["assets/01-01.png"],"assets/01-01.svg":["assets/01-01.svg"],"assets/02-01.png":["assets/02-01.png"],"assets/02-01.svg":["assets/02-01.svg"],"assets/03-01.png":["assets/03-01.png"],"assets/03-01.svg":["assets/03-01.svg"],"assets/04-01.png":["assets/04-01.png"],"assets/04-01.svg":["assets/04-01.svg"],"assets/Netaji%20Subash%20-%20Google%20Search.html":["assets/Netaji%20Subash%20-%20Google%20Search.html"],"assets/Poppins-Thin.ttf":["assets/Poppins-Thin.ttf"],"assets/all.png":["assets/all.png"],"assets/baby-boy.png":["assets/baby-boy.png"],"assets/boutiquelogo.png":["assets/boutiquelogo.png"],"assets/career.svg":["assets/career.svg"],"assets/cosmetics.png":["assets/cosmetics.png"],"assets/diet.png":["assets/diet.png"],"assets/difflogo.png":["assets/difflogo.png"],"assets/explore1.png":["assets/explore1.png"],"assets/img.png":["assets/img.png"],"assets/martlogo.png":["assets/martlogo.png"],"assets/men-suit.svg":["assets/men-suit.svg"],"assets/online-learning.svg":["assets/online-learning.svg"],"assets/profile.png":["assets/profile.png"],"assets/saute.png":["assets/saute.png"],"assets/sunglasses.png":["assets/sunglasses.png"],"assets/support.svg":["assets/support.svg"],"packages/cupertino_icons/assets/CupertinoIcons.ttf":["packages/cupertino_icons/assets/CupertinoIcons.ttf"],"packages/flutter_inappwebview/assets/t_rex_runner/t-rex.css":["packages/flutter_inappwebview/assets/t_rex_runner/t-rex.css"],"packages/flutter_inappwebview/assets/t_rex_runner/t-rex.html":["packages/flutter_inappwebview/assets/t_rex_runner/t-rex.html"],"packages/fluttertoast/assets/toastify.css":["packages/fluttertoast/assets/toastify.css"],"packages/fluttertoast/assets/toastify.js":["packages/fluttertoast/assets/toastify.js"],"packages/youtube_player_flutter/assets/speedometer.webp":["packages/youtube_player_flutter/assets/speedometer.webp"]}